Date,Name of Action,Type of Action,Actor/Authorizer,Topic,What It Says,What It Means,Status,Primary Source,Challenges to Action,News & Commentary,Notes,Additional Info,Fallout,Primary Source Title,Challenges Link,News Link
3/28/2025,U.S. Naval Academy no longer uses race as a factor in admissions,Agency Action,DoD,"DEI, Civil Rights, Academic Freedom, Postsecondary",Action despite SCOTUS exempting military academies from affirmative action ban.,Administration is continuing its actions to strip DEI efforts from the federal government. ,,,,U.S. Naval Academy ends affirmative action in admissions following Trump order | PBS News,,,,,,"https://www.pbs.org/newshour/politics/u-s-naval-academy-ends-affirmative-action-in-admissions-following-trump-order#:~:text=(AP)%20%E2%80%94%20The%20U.S.%20Naval,court%20documents%20made%20public%20Friday."
3/27/2025,Executive Order exempts agencies with national security missions from collecting bargaining,Executive Order,POTUS,"Federal Workforce, Educator Workforce",Impacts employees who work in Department of Defense schools.,"Attempt to undermine union representation for federal employees, including educators. ",,https://www.whitehouse.gov/presidential-actions/2025/03/exclusions-from-federal-labor-management-relations-programs/,https://www.courtlistener.com/docket/69821739/national-treasury-employees-union-v-russell-vought/,AFT’s Weingarten on Trump’s Illegal Executive Order Trying to Ban Collective Bargaining for Federal Employees,,,,,,https://www.aft.org/press-release/afts-weingarten-trumps-illegal-executive-order-trying-ban-collective-bargaining
3/27/2025,Secretary of State says U.S. State Department has revoked over 300 student visas,Agency Action,Department of State,"Civil Rights, Immigration, Postsecondary, Academic Freedom, Campus Climate",Visas have been revoked from postsecondary international students involved in protests against the Israel-Hamas War. ,Continued scrutiny of institutions where protests against the Israel-Hamas War took place. ,,,,"State Department has revoked over 300 student visas for campus protests, Rubio says | The Daily Pennsylvanian",,,,,,https://www.thedp.com/article/2025/04/penn-student-visa-revocations-marco-rubio
3/27/2025,Department of Education revokes waivers for California and Oregon institutions to provide services to undocumented students,Agency Action,Dept of Ed,"DEI, Program Funding, Immigration, Regulations, Academic Freedom, Postsecondary Funding, Postsecondary","Funds are distributed through the Performance Partnerships Pilots for Disconnected Youth, also known as the P3 Program. ","Administration is targeting services for undocumented immigrants, including students. ",,https://www.ed.gov/about/news/press-release/us-department-of-education-revokes-waivers-california-and-oregon-universities-using-federal-funding-provide-services-illegal-immigrants,,"Trump administration pulls waiver that supported undocumented college students in Oregon, California",,,,,,https://www.registerguard.com/story/news/education/2025/03/28/trump-administration-pulls-waiver-that-supported-undocumented-college-students/82690662007/
3/26/2025,"Department of Homeland Security detains Kseniia Petrova, a Harvard Medical School research on a J-1 scholar visa",Agency Action,Homeland Security,"Civil Rights, Immigration, Academic Freedom, Postsecondary, Campus Climate",Homeland Security detained Petrova at an airport for failing to declared frog embryos from her research in her luggage. Petrova has been critical of Russia's war against Ukraine. ,Raised questions about US government scrutiny of individuals who criticize Russia. ,,,,Russian HMS Researcher Detained at Louisiana ICE Facility After Visa Revocation | News | The Harvard Crimson,,,,,,https://www.thecrimson.com/article/2025/3/28/hms-researcher-detained/
3/26/2025,"Department of Homeland Security detains Alireza Doroudi, a University of Alabama doctoral student with a student visa. ",Agency Action,Homeland Security,"Civil Rights, Academic Freedom, Postsecondary, Campus Climate, Immigration",Homeland Security claims Doroudi poses significant national security concerns but provided no evidence. Student protest groups at the university said Doroudi has no connections with them.,Continued scrutiny of institutions where protests against the Israel-Hamas War took place. ,,,,UA student reportedly detained by ICE – The Crimson White,,,,,,https://thecrimsonwhite.com/120415/news/ua-student-reportedly-detained-by-ice/
3/26/2025,"Department of Homeland Security detains Rumeysa Ozturk, a Tufts University doctoral student with a student visa",Agency Action,Homeland Security,"Civil Rights, Immigration, Academic Freedom, Postsecondary, Campus Climate",Ozturk was detained by ICE for what Homeland Security claims are sympathies for Hamas. Ozturk authored an op-ed in the Tufts student newspaper in March 2024 related to student body demands that the university divest from Israel. ,Continued scrutiny of institutions where protests against the Israel-Hamas War took place. ,,,,"Tufts students, graduates launch petition for university action after detainment",,,,,,https://www.tuftsdaily.com/article/2025/03/tufts-students-graduates-launch-petition-for-university-action-after-detainment
3/25/2025,Department of Education launches investigation into Portland Public Schools and Oregon School Activities Association over their support for trans athletes,Agency Action,Dept of Ed,"DEI, LGBTQ+, Title IX, Civil Rights, PK-12 School Funding, PK-12 Schools, State Jurisdiction",Investigations into district and association for allowing students to compete in sports events that conform to their gender identity.,More attacks on trans students and athletes. Ongoing legal battles put state athletic associations in a complex position. ,,https://www.ed.gov/about/news/press-release/office-civil-rights-launches-title-ix-investigations-portland-public-schools-and-oregon-school-activities-association,,Trump admin investigates Portland Public Schools over letting trans student compete in girls sports - OPB,,,,,,https://www.opb.org/article/2025/03/25/trump-admin-investigates-portland-school-district-over-letting-trans-student-compete-in-girls-sports/
3/25/2025,Department of Education directs institutions under antisemitism investigations to provide names and nationalities of people accused of antisemitic harassment,Agency Action,Dept of Ed,"Research Funding, Civil Rights, Postsecondary Funding, Postsecondary, Campus Climate","Attorneys for ED Office of Civil Rights have raised questions of whether this information might be used to deport international students, faculty, and staff. ",Continued scrutiny of institutions where protests against the Israel-Hamas War took place. ,,,,Trump demands colleges name protesters and their nationalities - The Washington Post,,,,,,https://www.washingtonpost.com/education/2025/03/25/trump-administration-campus-antisemitism-investigations/
3/24/2025,Head of Joint Task Force to Combat Antisemitism states that scrutiny and sanctions against Columbia University should serve as a warning to other institutions,Agency Action,Department of Justice,"Research Funding, Civil Rights, Academic Freedom, Postsecondary Funding, Postsecondary, Curriculum",Comments on Columbia's agreement to meet Task Force's preconditions laid out 3/13/25 letter to the institution. ,Continued scrutiny of institutions where protests against the Israel-Hamas War took place. ,,https://www.ed.gov/about/news/press-release/ed-hhs-and-gsa-respond-columbia-universitys-actions-comply-joint-task-force-pre-conditions,,,,,,,,
3/21/2025,Administration announces it will move school nutrition programs to HHS,Public Statement,POTUS,"Regulations, PK-12 School Funding, PK-12 Schools, Governance",POTUS incorrectly stated that nutrition programs will move from Department of Ed. Those programs are currently housed in Department of Agriculture. ,"Statement has caused confusion about whether the administration wants to move programs out of USDA, which serve over 30 million public school students daily. ",,,,"Trump Says RFK Jr. Will Oversee Special Education, Child Nutrition",,,,,,https://www.edweek.org/policy-politics/trump-says-rfk-jr-will-oversee-special-education-child-nutrition/2025/03
3/21/2025,Administration announces it will move special education services to HHS,Public Statement,POTUS,"Regulations, PK-12 School Funding, PK-12 Schools, Department of Education, Governance",Description in title. ,Disability law experts say the move would require Congress to amend IDEA to move the Office of Special Education Programs from ED to HHS. ,,,,Trump Says Ed Department Will No Longer Handle 'Special Needs' - Disability Scoop,,,,,,https://www.disabilityscoop.com/2025/03/25/trump-says-ed-department-will-no-longer-handle-special-needs/31374/
3/21/2025,Administration announces it will move federal student loan administration to the Small Business Administration,Public Statement,POTUS,"Regulations, Postsecondary Funding, Department of Education, Governance, Postsecondary",Description in title. ,"Moving the $1.8 trillion loan program would be a massive endeavor, raising questions about continuity of service for 42.7 million borrowers. ",,,,"Trump says Education Dept. to transfer student loan, nutrition programs to other agencies | Reuters",,"Moving the Student Loan Program to SBA is Illegal, Unserious, and a Distraction",,,,https://www.reuters.com/world/us/trump-says-small-business-administration-will-handle-federal-student-loan-2025-03-21/
3/21/2025,Department of Justice requests Cornell doctoral student and student visa holder Momodou Taal to surrender for ICE detainment,Agency Action,Department of Justice,"Civil Rights, Immigration, Academic Freedom, Postsecondary, Campus Climate","Taal is suing the federal government, claiming that two recent executive orders infringe upon his First and Fifth Amendment rights. He was involved in ",Continued scrutiny of institutions where protests against the Israel-Hamas War took place. ,,,,Taal Told to Surrender Himself to ICE Custody - The Cornell Daily Sun,,,,,,https://www.cornellsun.com/article/2025/03/taal-told-to-surrender-himself-to-ice-custody
3/20/2025,Executive Order instructing Secretary of Education to begin dismantling Department of Education,Executive Order,POTUS,"Federal Workforce, Department of Education, Governance","Instructs McMahon “to the maximum extent appropriate and permitted by law, take all necessary steps to facilitate the closure of the Department of Education. . .""","Contains very few details for how this order will be executed, raising numerous questions about what the end result will like look. ",,https://www.whitehouse.gov/presidential-actions/2025/03/improving-education-outcomes-by-empowering-parents-states-and-communities/,https://ag.ny.gov/sites/default/files/court-filings/state-of-new-york-et-al-v-linda-mcmahon-et-al-motion-for-preliminary-injunction-2025.pdf,Trump orders a plan to dismantle the Education Department while keeping some core functions,https://www.courtlistener.com/docket/69778837/somerville-public-schools-v-trump/,https://www.courtlistener.com/docket/69782265/national-association-for-the-advancement-of-colored-people-v-the-united/,,"Improving Education Outcomes by Empowering Parents, States, and Communities",https://ag.ny.gov/sites/default/files/court-filings/state-of-new-york-et-al-v-linda-mcmahon-et-al-motion-for-preliminary-injunction-2025.pdf,https://apnews.com/article/trump-education-department-shutdown-b1d25a2e1bdcd24cfde8ad8b655b9843
3/20/2025,"Department of Education announces investigation into Illinois Department of Education, Chicago and Deerfield school districts for supporting trans students",Agency Action,Dept of Ed,"LGBTQ+, Title IX, Civil Rights, DEI, PK-12 School Funding, PK-12 Schools, State Jurisdiction",Investigation targets state office and districts for their policies that recognize students' gender identity. ,Continuance of federal actions to roll back civil rights protections for trans people.,,https://www.ed.gov/about/news/press-release/ocr-launches-investigations-illinois-doe-chicago-public-school-district-299-and-deerfield-public-schools-district-109-over-reported-title-ix,,"Chicago Public Schools, Illinois State Board of Education face federal Title IX investigation",,,,,,https://www.chalkbeat.org/chicago/2025/03/20/title-ix-investigation-into-chicago-illinois-deerfield-schools/
3/19/2025,Department of Education declares Maine Department of Education is in violation of IX over its trans-inclusive policies,Agency Action,Dept of Ed,"DEI, LGBTQ+, Civil Rights, Title IX, PK-12 Schools, PK-12 School Funding, State Jurisdiction",Requires Maine Dept of Ed to ban trans girls from competing in girls sports; change athletic records; issue apologies to cisgender female athletes who would have otherwise achieved records and awards; and require each school district to certify compliance annually.,Continuance of federal actions to roll back civil rights protections for trans people.,,https://www.ed.gov/about/news/press-release/us-department-of-educations-office-civil-rights-concludes-maine-department-of-education-violating-title-ix,,Maine found in violation of Title IX over transgender athletes after Trump clashed with governor | AP News,,,,,,https://apnews.com/article/transgender-athletes-girls-sports-maine-7241a5d126d2df4368ffe115cc212252
3/19/2025,"Departments of Defense, Health and Human Services freeze $175 million in funding for University of Pennsylvania",Agency Action,"HHS, DoD","Research Funding, LGBTQ+, Title IX, Civil Rights, Postsecondary Funding, Postsecondary",Administration's response to Penn allowing a trans woman to compete on the women's swim team. White House said that ED also has an ongoing investigation.,Retribution against Penn's inclusion of trans student athletes.,,,,Trump administration freezes $175 million in federal funding to Penn | The Daily Pennsylvanian,,,,,,https://www.thedp.com/article/2025/03/penn-trump-freezes-federal-funding-transgender-participation-sports
3/19/2025,"U.S. Immigration officials detain Badar Khan Suri, a postdoctoral researcher with a student visa at Georgetown University",Agency Action,Homeland Security,"Postsecondary, Immigration, Civil Rights, Campus Climate","Authorities accuse Suri of ""spreading Hamas propaganda"" and ""having close connections to a known or suspected terrorist"" but have not publicly shared evidence for those claims.",Continued scrutiny of institutions where protests against the Israel-Hamas War took place. ,,,,Georgetown University student detained by immigration authorities,,,,,,https://www.bbc.com/news/articles/c1enyqjgjlqo
3/18/2025,Department of Ed reinstates all 65 probationary employees it terminated but places all on administrative leave,Agency Action,Dept of Ed,"Federal Workforce, Department of Education","Employees reinstated under court order, with back pay. ",Federal government claims it is taking time to reintegrate terminated employees but still hopes to permanently fire them pending the appeals process. ,Federal government is appealing the court decision.,,,Court Records Show How Many Federal Workers were Fired and Rehired at 18 Agencies,,,,,,https://www.cbsnews.com/news/federal-probationary-workers-mass-firing-rehired/
3/17/2025,Federal judge orders reinstatement of $600 million in funds for teacher preparation programs,Court Ruling/Action,Federal Court,"Program Funding, Postsecondary Funding, Postsecondary, PK-12 Schools, Educator Workforce","Judge ordered ED to restore funding to Supporting Effective Educator Development program, Teacher Quality Partnership Program, Teacher and School Leader incentive program. ","Important legal victory for educator preparation programs, which would have been financially devastated by these cuts. Unknown whether ED will appeal.",Administration filed an emergency application with SCOTUS to halt the funding on 3/26/25. ,https://aacte.org/wp-content/uploads/2025/03/2025-03-17-DE33-ORDER-granting-in-part-and-denying-in-part-5-Plaintiffs-Motion-for-Preliminary-Injunction-direct-American-Association-of-Colleges-for-Teacher-Education-1.pdf,,Judge Orders Education Dept. to Restore Teacher Prep Grants,,,,,,"https://www.insidehighered.com/news/quick-takes/2025/03/19/judge-orders-education-dept-restore-teacher-prep-grants#:~:text=On%20Monday%2C%20U.S%20District%20Judge,program%20within%20five%20business%20days."
3/17/2025,"Federal agents deport Rasha Alawieh, a Brown University Professor and U.S. work visa holder, despite judge's order",Agency Action,Homeland Security,"Civil Rights, Postsecondary, Immigration, Campus Climate",Prosecutors claim she was detained for attending the funeral of a Hezbollah leader while in Lebanon.,Demonstrates that Trump Adminstration is acting on grounds that judges and legal watchers claim are spurious. ,,,https://www.courtlistener.com/docket/69741237/chehab-v-noem/,"Brown University professor deported despite judge’s order, defying US court | Trump administration | The Guardian",,,,,https://www.courtlistener.com/docket/69741237/chehab-v-noem/,https://www.theguardian.com/us-news/2025/mar/17/brown-university-rasha-alawieh-deported-lebanon
3/14/2025,Executive Order to diminish federal agencies like the Institute of Musuem and Library Sciences,Executive Order,POTUS,"Early Childhood, Program Funding, PK-12 Schools","Calls for the elimination of all non-statutory components of the Institute of Museum and Library Sciences, among other agencies. ",Threatens numerous educational programs including summer learning and early literacy development.,,https://www.whitehouse.gov/presidential-actions/2025/03/continuing-the-reduction-of-the-federal-bureaucracy/,,ALA statement on White House assault on the Institute of Museum and Library Services,,,,"""Continuing the Reduction of the Federal Bureaucracy""",,https://www.ala.org/news/2025/03/ala-statement-white-house-assault-institute-museum-and-library-services
3/14/2025,Office of Civil Rights Initiates Title VI Investigations into Institutions of Higher Education,Agency Action,Dept of Ed,"DEI, Civil Rights, Academic Freedom, Postsecondary Funding, Postsecondary","Targets 45 institutions that partner with The PhD Project, 6 universities for awarding allegedly race-based scholarships, and one program that ED alleges segregates students on the basis of race.",ED is instituting investigations for DEI efforts that it says are in violations of the Feb. 14 Dear Colleague letter. ,,https://www.ed.gov/about/news/press-release/office-civil-rights-initiates-title-vi-investigations-institutions-of-higher-education-0,,More than 50 universities face federal investigations as part of Trump's anti-DEI campaign | AP News,,,,,,https://apnews.com/article/trump-dei-universities-investigated-f89dc9ec2a98897577ed0a6c446fae7b
3/13/2025,Department of Ed issues joint letter to Columbia University demanding steps in response to what ED calls Antisemitism,Agency Action,"Dept of Ed, HHS, Gen Services Admin","Civil Rights, Postsecondary Funding, Postsecondary, Research Funding, Academic Freedom, Campus Climate","Demands include adopting a formal definition of Antisemitism; banning masks for protesters; and putting Middle East, South Asian, and African Studies Department under academic receivership for a minimum of five years. ",Continued scrutiny of institutions where protests against the Israel-Hamas War took place. Amounts to an ultimatum to keep federal funding. ,Columbia agreed to meet Task Force demands on 3/21/25. ,https://static01.nyt.com/newsgraphics/documenttools/6d3c124d8e20212d/85dec154-full.pdf,https://www.courtlistener.com/docket/69784589/american-association-of-university-professors-v-united-states-department/,https://president.columbia.edu/sites/default/files/content/03.21.2025%20Columbia%20-%20FINAL.pdf,,University Statement Regarding UJB Determinations | Office of Public Affairs,,,https://www.courtlistener.com/docket/69784589/american-association-of-university-professors-v-united-states-department/,https://president.columbia.edu/sites/default/files/content/03.21.2025%20Columbia%20-%20FINAL.pdf
3/13/2025,Department of Agriculture restores millions in funding to University of Maine,Agency Action,Dept of Agriculture,"DEI, Title IX, Civil Rights, Research Funding, Postsecondary Funding, School Choice, Postsecondary",Funding was restored after Sen. Susan Collins of Maine discussed the matter with the White House. ,Demonstrates that Trump Administration is willing to use federal funding to institutions as a sanction for ensuring compliance with its social policies. ,,https://www.usda.gov/about-usda/news/press-releases/2025/03/19/university-maine-system-chooses-sanity-complies-president-trumps-policy-keeping-men-out-womens,,USDA restores funding to University of Maine System | Higher Ed Dive,,,,,,https://www.highereddive.com/news/usda-restores-funding-university-of-maine-system/742492/
3/12/2025,U.S. Department of Education hosts meeting on transgender issues,Agency Action,Dept of Ed,"DEI, LGBTQ+, Civil Rights","""Listening session"" with individuals who have reversed their gender transition and Sec. Linda McMahon. Also a meeting with other officials from HHS and ED.",Continuance of federal actions to roll back civil rights protections for trans people.,,https://www.ed.gov/about/news/press-release/us-department-of-education-hosts-meeting-detransitioners-and-advocates-detrans-awareness-day-1,,,,,,"""U.S. Department of Education Hosts Meeting with Detransitioners and Advocates on Detrans Awareness Day""",,
3/11/2025,U.S. Department of Education Initiates Reduction in Force,Agency Action,Dept of Ed,"Federal Workforce, Department of Education","Department says that it has reduced its workforce by nearly half, from 4,133 to 2,183 staff members. This includes separations through layoffs, voluntary resignations, and retirements. ",Appears Department is cutting most or all initiatives that are not required by statute. ,Lawsuit filed by 20 states and District of Columbia on 3/13.,https://www.ed.gov/about/news/press-release/us-department-of-education-initiates-reduction-force,https://ag.ny.gov/sites/default/files/court-filings/state-of-new-york-et-al-v-linda-mcmahon-united-states-department-of-education-complaint-2025.pdf,Education Department cutting nearly half of workforce | CNN Politics,,https://www.politico.com/news/2025/03/12/education-department-documents-detail-agency-worker-terminations-00226222?_cldee=PwOH302GsnP115pA9ipWCPEDGtkGuCS9-KZM-xnw1GVfA5mjoY6vmxhUCLAJg4V8&recipientid=contact-e012bdd8dc1ae511ac970050569e5b20-b8424e1263f44d759d452ff00de584c6&utm_source=ClickDimensions&utm_medium=email&utm_campaign=P2P%202025&esid=1d3f16fa-7fff-ef11-bae2-7c1e5216dfd0,,,https://ag.ny.gov/sites/default/files/court-filings/state-of-new-york-et-al-v-linda-mcmahon-united-states-department-of-education-complaint-2025.pdf,https://www.cnn.com/2025/03/11/politics/department-of-education-cuts
3/11/2025,Department of Education orders all department offices temporarily closed for the following day.,Agency Action,Dept of Ed,"Federal Workforce, Department of Education","Memo sent to all employees says that closures are for ""security reasons."" Employees instructed to take their laptops and work from home.",More disruptions and uncertainty for Department of Ed employees. ,,,,Department of Education offices to temporarily close for ‘security reasons’ with Trump’s plan to dismantle agency looming | CNN Politics,,,,,,https://www.cnn.com/2025/03/11/politics/department-of-education-offices-to-close-security-reasons/index.html
3/11/2025,U.S. Department of Agriculture cuts off tens of millions of dollars in grants to University of Maine System.,Agency Action,Dept of Agriculture,"DEI, LGBTQ+, Research Funding, Postsecondary Funding, Postsecondary",Claims a review of grants for Title VI and Title IX violations. ,More retribution against Maine's defense of trans civil rights. ,Funding freeze reversed on 3/13/25.,,,University of Maine System’s USDA funding ‘temporarily’ paused,,,,,,https://www.maine.edu/blog/2025/03/11/university-of-maine-systems-usda-funding-temporarily-paused/
3/10/2025,U.S. Department of Education's Office for Civil Rights sends letters to 60 universities regarding claims of antisemetic discrimination and harassment,Agency Action,Dept of Ed,"Research Funding, Civil Rights, Academic Freedom, Postsecondary Funding, Postsecondary, Campus Climate","Letter warns of ""potential enforcement actions if they do not fulfill their obligations under Title VI of the Civil Rights Act to protect Jewish students on campus. . ."" Letters sent to all 60 institutions currently ""under investigation or monitoring."" ",Continued scrutiny of institutions where protests against the Israel-Hamas War took place. ,,https://www.ed.gov/about/news/press-release/us-department-of-educations-office-civil-rights-sends-letters-60-universities-under-investigation-antisemitic-discrimination-and-harassment,,Ed Department Warns Harvard of ‘Potential Enforcement Actions’ Over Antisemitism Complaints | News,,,,"""U.S. Department of Education's Office for Civil Rights Sends Letters to 60 Universities Under Investigation for Antisemetic Discrimination and Harassment""",,https://www.thecrimson.com/article/2025/3/11/education-department-letter-title-vi/
3/8/2025,"Federal immigration agents detain Mahmoud Khalil, a Columbia University graduate student and U.S. green card holder",Agency Action,Department of State,"Civil Rights, Academic Freedom, Postsecondary, Immigration, DEI, Campus Climate","Detained on State Department order for potential deportation, claiming his presence in the U.S. could have ""adverse foreign policy consequences."" Authorities also revoked visa of another Columbia student.",Continued scrutiny of institutions where protests against the Israel-Hamas War took place. ,,,Mahmoud Khalil v. Donald J. Trump - NYCLU,Mahmoud Khalil calls himself political prisoner after US immigration arrest | Reuters,,,,,https://www.nyclu.org/court-cases/mahmoud-khalil-v-donald-j-trump,https://www.reuters.com/world/us/mahmoud-khalil-calls-himself-political-prisoner-after-us-immigration-arrest-2025-03-19/
3/7/2025,U.S. Department of Agriculture proposes $660 million in cuts to meal programs for childcare facilities,Agency Action,Dept of Agriculture,"Early Childhood, Program Funding, PK-12 Schools",Program provides funds to states to purchase local domestic foods for schools and childcare centers.,Presents a major funding gap for providing meals for children. ,,https://www.ams.usda.gov/selling-food-to-usda/lfs,,Proposed School Meal Cuts Prompt Nationwide Advocacy,,"USDA plans big cuts to food bank, school food programs: What to know",,,,https://schoolnutrition.org/sna-news/proposed-school-meal-cuts-prompt-nationwide-advocacy/
3/7/2025,Department of Ed announces major changes to eligibility for Public Service Loan Forgiveness,Executive Order,POTUS,"DEI, LGBTQ+, Civil Rights, Immigration, Postsecondary Funding","Directs Secretary of Education to propose revisions to the program, including barring certain non-profit service from eligibility","Looks to undermine work of non-profit organizations that support issues like immigrant rights, DEI, and trans individuals.",,https://www.whitehouse.gov/presidential-actions/2025/03/restoring-public-service-loan-forgiveness/,https://protectborrowers.org/aft-v-u-s-department-of-education-lawsuit-complaint/,What student loan borrowers should know as Trump targets Public Service Loan Forgiveness,,,,"""Restoring Public Service Loan Forgiveness""",https://protectborrowers.org/aft-v-u-s-department-of-education-lawsuit-complaint/,https://www.cnbc.com/2025/03/10/what-student-loan-borrowers-should-know-as-trump-targets-pslf.html
3/7/2025,U.S. Department of Education's Office for Civil Rights launches initiative to address antisemitism allegations,Agency Action,Dept of Ed,"Research Funding, Civil Rights, Academic Freedom, Postsecondary Funding, Postsecondary, Campus Climate",Description in title.,Continued scrutiny of institutions where protests against the Israel-Hamas War took place. ,,https://www.ed.gov/about/news/press-release/us-department-of-educations-office-civil-rights-launches-initiative-address-backlog-of-biden-administration-era-complaints-alleging-antisemitism,,,,,,U.S. Department of Education's Office for Civil Rights Launches Initiative to Address Backlog of Biden Administration-Era Complaints Alleging Antisemitism,,
3/7/2025,"DOJ, HHS, ED, and GSA Announce Initial Cancelation of Grants and Contracts to Columbia University Worth $400 Million",Agency Action,"Dept of Ed, HHS, Department of Justice","Research Funding, Civil Rights, Academic Freedom, Postsecondary, Postsecondary Funding, Campus Climate","Agencies cited what they said was ""continued inaction in the face of persistent harassment of Jewish students.""",Cuts came a mere 4 days after the investigation way opened. Sends a strong signal to other institution that the adminstration is willing to exact financially devastating cuts. ,,https://www.ed.gov/about/news/press-release/doj-hhs-ed-and-gsa-announce-initial-cancelation-of-grants-and-contracts-columbia-university-worth-400-million,,Trump administration cancels $400M in grants and contracts with Columbia University | AP News,,"Federal Funding Cuts to Columbia Set Dangerous Precedent, ACE Warns",,,,https://apnews.com/article/columbia-university-protests-antisemitism-palestine-israel-9c209ce040e4b60d2702b40b9c2fb321
3/6/2025,Department of Education suspends competition for Supporting Effective Educator Development (SEED) program,Agency Action,Dept of Ed,"Program Funding, Curriculum, Postsecondary Funding, Postsecondary, Educator Workforce",ED says that it will reopen the competition in FY25 once it has ensured that the program aligns with Trump Administration priorities. ,Claims the new grant reporting process will be more efficient. ,,,,,,,,,,
3/3/2025,Linda McMahon confirmed as Sec of Education,Congressional Action,U.S. Congress,"Federal Workforce, Department of Education",Vote was 51-45 along party lines. ,"McMahon issued a letter laying out the Department's ""final mission.""",,https://www.ed.gov/about/news/speech/secretary-mcmahon-our-departments-final-mission,,,,,,,,
3/3/2025,Office for Civil Rights Launches Title IX Investigation into Washington State School District,Agency Action,Dept of Ed,"DEI, LGBTQ+, Title IX, Civil Rights, PK-12 Schools",Tumwater School District investigated for allowing trans athletes to compete in girls' sports.,,"Since investigation announced, district voted to bans trans athletes from girls' sports.",https://www.ed.gov/about/news/press-release/office-civil-rights-launches-title-ix-investigation-washington-state-school-district,,Tumwater School District bans trans athletes from girls’ teams – KIRO 7 News Seattle,,,,,,https://www.kiro7.com/news/local/tumwater-school-district-bans-trans-athletes-girls-teams/HXT3SDYWVRDTFGLFIXJ3NAPHWE/
3/3/2025,"ED, HHS, and GSA announce additional scrutiny of Columbia University",Agency Action,Dept of Ed,"Research Funding, DEI, Civil Rights, Academic Freedom, Postsecondary Funding, Postsecondary, Campus Climate",Comprehensive review of Columbia University's federal grants and contracts. ,Actions in response to Columbia University's handling of campus protests against the Israel-Hamas War in Spring 2024. ,,https://www.ed.gov/about/news/press-release/ed-hhs-and-gsa-announce-additional-measures-end-anti-semitic-harassment-college-campuses,,Trump threatens to ax $54.1M in contracts with Columbia,,,,"""ED, HHS, and GSA Announce Additional Measure to End Anti-Semitic Harassment on College Campuses""",,https://www.insidehighered.com/news/government/politics-elections/2025/03/05/trump-threatens-ax-541m-contracts-columbia
3/1/2025,Designating English as the Official Language of the United States,Executive Order,POTUS,"Civil Rights, DEI, Regulations, Immigration, Curriculum, PK-12 Schools",Revokes EO 13166 of 2000 (Improving Access to Services for Persons with Limited English Proficiency). Does not require that agencies stop offering communications and services in Languages other than English but empowers agencies to stop if they so choose.,"Cause for concern that multilingual teaching and programming in PK-12 classrooms maybe be threatened, particularly for students from immigrant families. ",,https://www.whitehouse.gov/presidential-actions/2025/03/designating-english-as-the-official-language-of-the-united-states/,,Trump signs executive order making English the official language of the U.S.,,,,,,https://www.npr.org/2025/03/01/nx-s1-5313883/trump-english-official-language-executive-order
2/28/2025,National Oceanic and Atmospheric Administration (NOAA) cuts funding to Maine Sea Grant,Agency Action,NOAA,"Research Funding, LGBTQ+, DEI, Civil Rights, Academic Freedom, Postsecondary Funding, Postsecondary",Coastal research program housed at University of Maine since 1971.,Critics argue that this action is retribution for Maine governor's resolve to stand by policies that protect trans athletes. ,,,,"NOAA ends funding for Maine Sea Grant, citing shift in priorities",,,,,,https://www.newscentermaine.com/article/news/local/fisheries/national-oceanic-atmospheric-administration-noaa-ends-maine-sea-grant-marine-industry/97-b1db1a65-fda9-4f96-979f-acf50600e721
2/28/2025,U.S. Department of Education Announces Additional Trump-Vance Appointees,Nomination/Appointment,POTUS,"Federal Workforce, Department of Education",Sarah Urspring; Hayley Sanon; Steven Schaefer; David Samberg; Andrew Cuff; Murray Bessette; Ellen Keast,,,https://www.ed.gov/about/news/press-release/us-department-of-education-announces-additional-trump-vance-appointees,,,,,,,,
2/28/2025,Federal Task Force to Combat Antisemitism announces visits to 10 college campuses,Agency Action,Department of Justice,"Civil Rights, Academic Freedom, Postsecondary, Campus Climate",(See list to the right) Targetting campuses that were sites of students protests against the Israel-Hamas War in Spring 2024. ,Federal government investigating higher education administrations. Important implications for academic freedom and student First Amendment rights.,,https://www.justice.gov/opa/pr/federal-task-force-combat-antisemitism-announces-visits-10-college-campuses-experienced,,"Federal Task Force to Combat Antisemitism to Visit Northwestern, 9 other Schools",,"Columbia University; George Washington University; Harvard University; Johns Hopkins University; New York University; Northwestern University; the University of California, Los Angeles; the University of California, Berkeley; the University of Minnesota; and the University of Southern California.",,"""Federal Task Force to Combat Antisemitism Announces Visits to 10 College Campuses that Experienced Incidents of Antisemitism""",,https://dailynorthwestern.com/2025/02/28/campus/federal-task-force-to-combat-antisemitism-to-visit-northwestern-9-other-schools/#
2/28/2025,"Department of Ed issues frequently asked questions document, following up on February 14 Dear Colleage letter",Agency Action,Dept of Ed,"DEI, Civil Rights, Program Funding, Curriculum, Academic Freedom, PK-12 School Funding, Postsecondary Funding, Postsecondary, PK-12 Schools","Follows up on February 14 Dear Colleague letter. Elaborates on several points, including case law used as support. States that ED does not control school curricula and that cultural celebrations are permitted if open to all. ","As with the Dear Colleague letter, this is not legally binding. ",,https://www.ed.gov/media/document/frequently-asked-questions-about-racial-preferences-and-stereotypes-under-title-vi-of-civil-rights-act-109530.pdf,,,,,,"""Frequently Asked Questions about Racial Preferences and Stereotypes Under Title VI of the Civil Rights Act""",,
2/28/2025,Federal reduction in force buyout offers,Agency Action,Dept of Ed,Federal Workforce,"Offered employees up to $25,000, which for many employees would amount to less than severance and unused leave compensation. Offer was rescinded and then reinstated. ","Email states that employees can accept $25,000 to leave or retire OR accept severancy, whichever is less. Offer email has caused confusion and uncertainty across the Department. ",,,https://d12t4t5x3vyizu.cloudfront.net/summerlee.house.gov/uploads/2025/03/Quill-Letter-L23052-Letter-to-Oversight_EDW-Chairs-on-Illegal-Actions-at-the-Department-of-Education5.pdf,US education department offers buyout that employees call ‘beyond misleading’ | US news | The Guardian,,,EX: Drain of expertise at NSF's Office of Inspector General and HHS's Office of Research Integrity,,https://d12t4t5x3vyizu.cloudfront.net/summerlee.house.gov/uploads/2025/03/Quill-Letter-L23052-Letter-to-Oversight_EDW-Chairs-on-Illegal-Actions-at-the-Department-of-Education5.pdf,https://www.theguardian.com/us-news/2025/feb/28/department-of-education-buyout-email
2/28/2025,HHS Rescinds Policy on Public Participation in Rulemaking,Agency Action,HHS,"Regulations, Governance",Eliminates opportunity to comment on agency plans.,Threatens transparency of the department and public voice. Could impact educational programs run by HHS like Head Start and child welfare. ,,https://public-inspection.federalregister.gov/2025-03300.pdf,,RFK Jr. moves to eliminate public comment in HHS decisions | STAT,,,,,,https://www.statnews.com/2025/02/28/rfk-jr-eliminating-public-comment-hhs-decisions-richardson-waiver/
2/28/2025,Department of Justice directs American Bar Association to strike its DEI-related standard for law school accreditation,Agency Action,Department of Justice,"DEI, Postsecondary, Academic Freedom, Civil Rights, Regulations","ABA suspended enforcement of the standard until August 2025, pending review for legality.",Administration is beginning to put pressure on accreditation bodies to stop implementing DEI-related policies and initiatives. ,,https://www.justice.gov/ag/media/1392081/dl?inline,,ABA faces DOJ wrath over law school diversity requirements | Higher Ed Dive,,,,,,https://www.highereddive.com/news/aba-faces-doj-wrath-over-law-school-diversity-requirements/742091/?utm_source=Sailthru&utm_medium=email&utm_campaign=Issue:%202025-03-11%20Higher%20Ed%20Dive%20%5Bissue:71156%5D&utm_term=Higher%20Ed%20Dive
2/27/2025,Department of Justice opens investigations into University of Michigan and University of California system for allegations of bias against Jewish employees,Agency Action,Department of Justice,"Civil Rights, Postsecondary, Campus Climate, Educator Workforce",Section 707 of Title VII of Civil Rights Act to investigate allegations of a hostile work environment.,"Such investigations are usually slow and time-consuming, but DoJ is moving quickly with these.",,,,DOJ Probes University of Michigan for Workplace Antisemitism,,,,,,https://news.bloomberglaw.com/us-law-week/doj-probes-university-of-michigan-for-workplace-antisemitism
2/27/2025,DOGE cuts grants for apprenticeship programs,Agency Action,DOGE,"Postsecondary Funding, Postsecondary, Research Funding","$18 million cut under 3 contract terminations ""for convenience""","The Trump Administration has said it will prioritize workforce training, but these cuts call that into question. ",,,,More Apprenticeship Cuts,,,,,,https://the-job.beehiiv.com/p/more-apprenticeship-cuts?_bhlid=5ad4a8807d5ae90964d573714dfd85772d9a0684&utm_campaign=more-apprenticeship-cuts&utm_medium=newsletter&utm_source=the-job.beehiiv.com
2/27/2025,Department of Labor disbands Advisory Council on Apprenticeship,Agency Action,Department of Labor,"Regulations, Governance, Postsecondary",30-member panel comprised of wide range of stakeholders plus ex-officio members from numerous federal agencies,Part of broad federal practice of terminating advisory councils it deems ,,https://www.apprenticeship.gov/advisory-committee-apprenticeship,,,,,,,,
2/27/2025,"U.S. Department of Education Launches ""End DEI"" Portal",Agency Action,Dept of Ed,"DEI, Title IX, Civil Rights, Regulations, PK-12 Schools, Postsecondary",Portal for public to submit complaints about DEI in educational institutions.,A new avenue for Department to collect information for the purposes of investigating institutions for DEI work. ,,https://www.ed.gov/about/news/press-release/us-department-of-education-launches-end-dei-portal,,,,,,,,
2/25/2025,USDA reinstates 1890 National Scholars Program,Agency Action,Dept of Agriculture,"DEI, Civil Rights, Program Funding, Postsecondary Funding","USDA scholarship for rural Black students attending HBCUs had been suspended days before ""pending further review.""","Trump admin has stated that it's committed to protecting HBCUs but not other minority-serving institutions, and they're targeting race-conscious efforts across the PK-20 landscape. ",,,,"Under pressure, White House reinstates HBCU scholars program",,,,,,https://thehill.com/homenews/education/5163666-usda-resumes-hbcu-agriculture-scholarship/
2/24/2025,"Department of Ed Puts Peggy Carr, Commissioner on NCES, on leave",Agency Action,Dept of Ed,"Federal Workforce, Department of Education",No reason given.,"IES, which oversees NCES, has essentially been shut down. Unclear what implications will be for NAEP, among many other programs. ",,,,Trump suspends the head of 'The Nation's Report Card',,,,,,https://www.npr.org/2025/02/26/nx-s1-5309712/trump-suspends-head-nations-report-card-testing-students
2/22/2025,Department of Agriculture launches compliance review of University of Maine,Agency Action,Dept of Agriculture,"Research Funding, LGBTQ+, DEI, Title IX, Civil Rights, Postsecondary Funding","Notice states that the University is under investigation for ""blatant disregard for President Trump's Executive Order 14201 'Keeping Men out of Women's Sports"".",Appears to be continued retribution against Maine for defending rights of trans women and girls to compete in women's and girls sports. ,,https://www.usda.gov/sites/default/files/documents/maine-notice-of-compliance.pdf,,,,,,,,
2/21/2025,Office for Civil Rights Launches Title IX Violation Investigations into Maine Department of Education and Maine School District,Agency Action,Dept of Ed,"DEI, LGBTQ+, Title IX, Civil Rights, Postsecondary, PK-12 Schools, State Jurisdiction",Investigating state and district for allowing trans athletes to compete in girls sports.,More attacks on trans students and athletes. Ongoing legal battles put state athletic associations in a complex position. ,,https://www.ed.gov/about/news/press-release/office-civil-rights-launches-title-ix-violation-investigations-maine-department-of-education-and-maine-school-district,,"Maine to defy Trump order, will allow transgender athletes to play girls sports",,,,,,https://www.wmtw.com/article/maine-defy-trump-order-allow-transgender-athletes-girls-sports/63801175
2/20/2025,Department of Ed reduces regulations on charter schools,Agency Action,Dept of Ed,"School Choice, Regulations, PK-12 School Funding, PK-12 Schools, State Jurisdiction",Rescinds Biden-admin regulations on state oversight of postsecondary institutions that authorize charter schools and Charter School Program grants. Removed threat of loss of funding for South Carolina for not meeting these regulations.,Less regulation of charter school sector. ,,https://www.ed.gov/about/news/press-release/us-department-of-education-reduces-federal-overreach-charter-schools-program,,,,,,"""U.S. Department of Education Reduces Federal Overreach in Charter Schools Program""",,
2/20/2025,Linda McMahon Advances to Full-Senate Vote,Congressional Action,U.S. Congress,Department of Education,Party-line vote 12-11.,Assures a close but likely confirmation.,,https://www.help.senate.gov/rep/newsroom/press/senate-help-committee-votes-to-approve-nomination-of-linda-mcmahon-for-secretary-of-education,,,,,,,,
2/20/2025,Dept of Ed cancels NAEP for 17 year-olds,Agency Action,Dept of Ed,"Research Funding, PK-12 Schools",Cancels NAEP of 17 year-olds. That group hasn't been tested since 2012 due to Covid-era cancelation. Was set to run March-May 2025. ,"Losing key data points in longitudinal understandings of academics for 17 year-olds. This might have legal implications, as NAEP is law. ",,https://www.nagb.gov/naep/the-naep-law.html,,"After Declaring NAEP Off-Limits, Education Department Cancels Upcoming Test – The 74",,,,,,https://www.the74million.org/article/after-declaring-naep-off-limits-education-department-cancels-upcoming-test/
2/20/2025,National Labor Relations Board rescinds 2021 memo stating that certain NCAA student athletes should be considered employees under the law,Agency Action,NRLB,"Regulations, Postsecondary, Postsecondary Funding",Description in title. ,Impacts the rights of NCAA student athletes. ,,https://s3.documentcloud.org/documents/25539486/09031d458356ec26.pdf,,NLRB rescinds stack of Biden-era enforcement memos | HR Dive,,,,,,https://www.highereddive.com/news/nlrb-rescinds-biden-era-enforcement-memos/740567/?utm_source=Sailthru&utm_medium=email&utm_campaign=Issue:%202025-02-21%20Higher%20Ed%20Dive%20%5Bissue:70646%5D&utm_term=Higher%20Ed%20Dive
2/19/2025,"U.S. Department of Education cuts 18 Comprehensive Centers Program grants, worth $224 million",Agency Action,Dept of Ed,"Research Funding, PK-12 School Funding, Curriculum",Department claims that these centers were developing and providing materials on divisive concepts. 18 grants in total. ,"Department is cutting grants for contractors who support DEI policies, practices, and initiatives. Appears the contracts were cut through a review of their grant applications. ",,https://www.ed.gov/about/news/press-release/us-department-of-education-cancels-divisive-and-wasteful-grants-under-comprehensive-centers-program,,Trump Education Department cancels $226 million in 'divisive' diversity grants - Washington Times,,,,"""U.S. Department of Education Cancels Divisive and Wasteful Grants under the Comprehensive Centers Program""",,https://www.washingtontimes.com/news/2025/feb/19/trump-education-department-cancels-226-million-divisive-diversity-gran/
2/19/2025,U.S. Department of Education pivots to reimbursement model for Covid-19 funding,Agency Action,Dept of Ed,"PK-12 Schools, PK-12 School Funding, Regulations",States will be required to pay for expenses that were already earmarked for Covid-19 funding and then apply for reimbursement from the federal government. Could impact about $1.7 million in funding.,Major shift from original intention of funding and might introduce financial risk for states if Department of Ed denies reimbursement claims. ,,https://www.ed.gov/about/news/press-release/us-department-of-education-updates-guidance-covid-19-funding,,ED Announces Policy Shift in Dispersing Late COVID-relief Dollars | AASA,,,,"""U.S. Department of Education Updates Guidance on Covid-19 Funding""",,https://www.aasa.org/resources/blog/ed-announces-policy-shift-in-dispersing-late-covid-relief-dollars
2/17/2025,U.S. Department of Education cuts over $600 million in funding for teacher preparation programs,Agency Action,Dept of Ed,"Research Funding, DEI, LGBTQ+, Title IX, Civil Rights, Curriculum, Academic Freedom, Postsecondary Funding, Educator Workforce","Cuts in grants to teacher preparation programs that provide instruction in CRT, DEI, anti-racism, white supremacy, LGBTQ+ issues, ablism, and other justice-oriented principles. ",Financial repercussions for postsecondary institutions who continue to adhere to their justice-oriented values. ,Court ordered reinstatement of funding on 3/17/25.,https://www.ed.gov/about/news/press-release/us-department-of-education-cuts-over-600-million-divisive-teacher-training-grants,https://www.courtlistener.com/docket/69700167/1/american-association-of-colleges-for-teacher-education-v-carter/,"Trump slashed teacher training, citing DEI. Educators say the grants fought staff shortages",,Legal challenge brought by AACTE on 3/3. TRO issued on 3/12 in another case brought by 8 states. ,,"""U.S. Department of Education Cuts over $600 million in Divisive Teacher Training Grants""",https://www.courtlistener.com/docket/69700167/1/american-association-of-colleges-for-teacher-education-v-carter/,https://apnews.com/article/trump-education-department-teacher-training-doge-34f1a56f7394ee3343412e6a96b635c7
2/15/2025,Executive Order halts federal funding for schools requiring Covid-19 vaccination for in-person learning. ,Executive Order,POTUS,"Regulations, Healthcare, PK-12 School Funding, Postsecondary Funding",Description in title.,Restricts schools' ability to make decisions that protect public health. ,,https://www.whitehouse.gov/presidential-actions/2025/02/keeping-education-accessible-and-ending-covid-19-vaccine-mandates-in-schools/,,,,,,,,
2/14/2025,OCR Dear Colleague letter on race-conscious policies and practices,Agency Action,Dept of Ed,"Research Funding, DEI, Civil Rights, Program Funding, Regulations, Curriculum, Academic Freedom, PK-12 School Funding, Postsecondary Funding, Postsecondary, PK-12 Schools",Threatens to withhold funding from PK-20 educational institutions and organizations that include race as a factor in any decisions or programming. Gives institutions 14 days to comply. ,"Not legally binding. Still, institutions are working to assess implications of the letter and whether and to what extent they need to comply. ",,https://www.ed.gov/media/document/dear-colleague-letter-sffa-v-harvard-109506.pdf,https://democracyforward.org/wp-content/uploads/2025/02/AFT-ASA-v-Dept-of-Ed-et-al.pdf,AFT sues Education Department over anti-DEI guidance | Higher Ed Dive,AFT bringing suit against ED (Column K). NEA and ACLU bringing suit against ED (Column M).,https://www.aclu.org/documents/complaint-in-aclu-nea-et-al-v-u-s-department-of-education,https://www.insidehighered.com/news/governance/accreditation/2025/02/28/accreditors-offer-flexibility-dei-standards?utm_source=Inside+Higher+Ed&utm_campaign=c7e45c66b4-DNU_2021_COPY_02&utm_medium=email&utm_term=0_1fcbc04421-c7e45c66b4-237850405&mc_cid=c7e45c66b4,,https://democracyforward.org/wp-content/uploads/2025/02/AFT-ASA-v-Dept-of-Ed-et-al.pdf,https://www.highereddive.com/news/aft-sues-education-department-anti-dei-guidance/741047/?utm_source=Sailthru&utm_medium=email&utm_campaign=Issue:%202025-02-27%20Higher%20Ed%20Dive%20%5Bissue:70809%5D&utm_term=Higher%20Ed%20Dive
2/13/2025,Linda McMahon HELP Confirmation Hearing,Congressional Action,U.S. Congress,Department of Education,Relatively short hearing. Great deal of pushback from Dems. Generally strong support and unity from GOP.,Little pushback from GOP makes confirmation even more likely. ,,https://www.youtube.com/watch?v=YNaxtdZ4XYI,Several interuptions of hearing by hecklers. ,,,,,,,
2/13/2025,U.S. Department of Education cancels $350 million in contracts with Regional Education Laboratories,Agency Action,DOGE,"PK-12 School Funding, Postsecondary Funding, Program Funding, DEI, Research Funding","Canceled contracts with Regional Education Laboratories, which provide technical assistance to schools.",Claims that these agencies provide too much assistance for equity-focused work like equity audits. ,,https://www.ed.gov/about/news/press-release/us-department-of-education-cancels-additional-350-million-woke-spending,,,,,,U.S. Department of Education Cancels Additional $350 Million in Woke Spending,,
2/13/2025,Layoffs of Probationary Federal Employees,Agency Action,DOGE,"Federal Workforce, Regulations, Civil Rights","Layoffs of probationary employees from ED, Bureau of Indian Education, CFPB","Beginning of major reduction in ED workforce. Implications for OCR, financial aid, legal, communications.","3/13 rulling by federal judge reinstates employees at Veterans Affairs, Agriculture, Defense, Energy, Interior, and Treasury. Does not cover ED, but judge could extend ruling to those employees. ",,Pueblo of Isleta v Secretary of the Department of the Interior,Tribal funding caught in crossfire from Trump administration - ICT News,Thousands of probationary employees fired as Trump administration directs agencies to carry out widespread layoffs | CNN Politics,Student loan borrowers misled by colleges were about to get relief. Trump fired people poised to help,,,https://www.courtlistener.com/docket/69718515/pueblo-of-isleta-v-secretary-of-the-department-of-the-interior/,https://ictnews.org/news/tribal-funding-caught-in-crossfire-from-trump-administration
2/13/2025,"U.S. State Department freezes funding for study abroad programs, including Fulbright",Agency Action,Department of State,"Research Funding, Program Funding, Postsecondary Funding, Postsecondary, International Education","Actions claims that program funding was frozen pending a 14-day review, but that window expired on February 27, 2025. ","Funding freeze has impacted tens of thousands of scholars, with some of them stranded outside their home countries. ",Many organizations and institutions report that funding is still frozen. ,,,Statement: Suspension of International Education and Exchange Program Funding Threatens U.S. Economic and National Security | NAFSA,,Scholars stranded in America and abroad amid funding freeze of State Department programs | AP News,,,,https://www.nafsa.org/statement/ECAFundingFreeze
2/13/2025,Establishing the President's Make America Healthy Again Commission,Executive Order,POTUS,"Regulations, Healthcare, PK-12 Schools","Assessing ""prevalence and threats posed"" by mental health treatments like medications, particularly for minors. ",Questioning mental health professionals' ability to treat children. ,,https://www.whitehouse.gov/presidential-actions/2025/02/establishing-the-presidents-make-america-healthy-again-commission/,,,,,,,,
2/12/2025,"U.S Department of Education changes Name, Image, and Likeness (NIL) compensation regulations",Agency Action,Dept of Ed,"DEI, Title IX, Civil Rights, Postsecondary",Rescinds Biden admin regulations that required NIL money from college sports to be distributed equally among male and female athletes. Claims Title IX does not apply to NIL.,Trump adminstration casting aside gender pay equity in collegiate atheletics. ,,https://www.ed.gov/about/news/press-release/us-department-of-education-rescinds-biden-11th-hour-guidance-nil-compensation,,Dept. of Education revokes guidance on Title IX and athlete pay - ESPN,,,,U.S Department of Education Rescinds Biden 11th Hour Guidance on NIL Compensation,,https://www.espn.com/college-sports/story/_/id/43809645/dept-education-revokes-guidance-title-ix-athlete-pay
2/12/2025,U.S. Department of Education Launches Investigation into Two Athletics Organizations,Agency Action,Dept of Ed,"DEI, LGBTQ+, Regulations, Postsecondary, State Jurisdiction",Investigations into associations in Minnesota and California for allowing students to compete in sports events that conform to their gender identity.,More attacks on trans students and athletes. Ongoing legal battles put state athletic associations in a complex position. ,,https://www.ed.gov/about/news/press-release/us-department-of-education-launches-title-ix-investigations-two-athletic-associations,Maine litigation (related) may be forthcoming.,The U.S. Department of Education targets two athletic associations over girls' and women's sports,,,,,,https://theeducatorsroom.com/the-u-s-department-of-education-targets-two-athletic-associations-over-girls-and-womens-sports/
2/12/2025,Department of Education launches investigation into 5 VA school districts' trans athelete policies,Agency Action,Dept of Ed,"DEI, LGBTQ+, Regulations, PK-12 Schools, State Jurisdiction",Pursuent to a complaint filed by America First Legal Foundation alleging that the five districts continue to support trans athlete participation in sports.,ED is pursuing complaints filed by independent entitities. ,,https://media.aflegal.org/wp-content/uploads/2025/02/14102615/C-LON-11-25-1305-1309.pdf,,Education Department investigating Northern Virginia school districts for transgender support policies,Primary source is ED letter to America First Legal Foundation.,,,,,https://thehill.com/homenews/lgbtq/5149578-education-department-northern-virginia-schools-transgender-students-trump-executive-order/
2/12/2025,Nomination of Kirsten Baesler for Assistant Secretary for Elementary and Secondary Education,Nomination/Appointment,POTUS,"Federal Workforce, Department of Education",Description in title.,,,,,CCSSO Releases Statement on Nomination of Assistant Secretary for Elementary and Secondary Education,,,,,,https://ccsso.org/press-releases/ccsso-releases-statement-nomination-assistant-secretary-elementary-and-secondary
2/11/2025,"U.S. Department of Education Urges the NCAA, National Federation of State High School Associations to strip trans athletes of their records",Agency Action,Dept of Ed,"DEI, LGBTQ+, Title IX, Civil Rights, Postsecondary",Description in title. ,Continued attacks on trans students and athletes. ,,https://www.ed.gov/about/news/press-release/us-department-of-education-urges-ncaa-nfhs-restore-female-athletics-records-wrongfully-erased-male-competitors,,,,,,"""U.S. Department of Education Urges the NCAA, NFHS to Restore Female Athletics Records Wrongfully Erased By Male Competitors""",,
2/10/2025,DOGE cancelation of IES projects,Agency Action,DOGE,"Research Funding, Federal Workforce, Program Funding",Terminated 89 contracts with agencies that do research for IES. Also terminated data collection and US participation in PISA.,"Potential forthcoming huge gaps in data sets and statistical research. Major hit to orgs that do federally contracted research, like NCES, Mathematica, and IES.",,,,AERA and COPAFS Statement on the New Administration’s Sudden Termination of National Center for Education Statistics Contracts,,,,,,https://www.aera.net/Newsroom/AERA-and-COPAFS-Statement-on-the-New-Administrations-Sudden-Termination-of-National-Center-for-Education-Statistics-Contracts
2/10/2025,U.S. Department of Education changes reporting regulations for Career and Technical Education Programs,Agency Action,Dept of Ed,"PK-12 Schools, Postsecondary, Regulations",Rescinds Biden admin regulations under the Perkins Act for data collection and reporting by CTE programs.,The Biden changes were unpopular and even faced opposition from groups like AASA.,,https://www.ed.gov/about/news/press-release/us-department-of-education-reduces-burden-career-and-technical-education-programs,,Education Department reverses CTE policies after criticism | K-12 Dive,,,,"""U.S. Department of Education Reduces Burden on Career and Technical Education Programs""",,https://www.k12dive.com/news/ed-department-reverses-policies-CTE-career-technical-education/739781/
2/7/2025,Supplemental Guidance to the 2024 NIH Grants Policy Statement: Indirect Cost Rates,Agency Action,NIH,"Research Funding, Program Funding, Postsecondary Funding",TRO extended March 5.,Would have enormous impact on higher education research. ,TRO extended March 5. ,https://grants.nih.gov/grants/guide/notice-files/NOT-OD-25-068.html,"Association of American Universities v. Department of Health & Human Services, 1:25-cv-10346 – CourtListener.com",AAU Legally Challenges Cuts to Life-Saving NIH Research,See other cases at right. ,"Commonwealth of Massachusetts v. National Institutes of Health, 1:25-cv-10338 – CourtListener.com",Also a lawsuit from 22 attorneys general.,,https://www.courtlistener.com/docket/69627688/association-of-american-universities-v-department-of-health-human/,https://www.aau.edu/newsroom/press-releases/statement-cuts-to-life-saving-research-lawsuit
2/7/2025,DoD starts restricting learning materials in DoD schools,Agency Action,DoD,"DEI, PK-12 Schools, Federal Workforce",Restricting materials that DoD deems out of compliance with DEI Executive Order.,Banning materials. ,,,,,,,,,,
2/7/2025,DOGE obtains administrator email accounts from Dept of Education,Agency Action,DOGE,"Department of Education, Federal Workforce",DOGE claims they need access to data to find waste and fraud in programs. ,No real justification for why personal data would be helpful in assessing fraud and waste. ,"on 2/24, judge issued injunction on ED sharing personal information with DOGE. Impacts both the student and worker cases. ",,https://cdn.arstechnica.net/wp-content/uploads/2025/02/UC-Student-Association-v-DOE-Complaint-2-7-25.pdf,"Judge blocks Department of Education, federal personnel office from sharing data with DOGE",Challenges brought by both University of California Student Association (to block DOGE access to loan data) and federal workers unions to block sharing of worker person information.,https://www.nbcnews.com/politics/doge/judge-blocks-department-education-federal-personnel-office-sharing-dat-rcna193453,,,https://cdn.arstechnica.net/wp-content/uploads/2025/02/UC-Student-Association-v-DOE-Complaint-2-7-25.pdf,https://www.nbcnews.com/politics/doge/judge-blocks-department-education-federal-personnel-office-sharing-dat-rcna193453
2/7/2025,Dept of Education blocks entry by Democratic lawmakers,Agency Action,Dept of Ed,"Federal Workforce, Department of Education",Democratic lawmakers wished to meet with Denise Carter to discuss potential adminstration cuts to programs.,No explanation given for blocking access. ,,,,Education Department’s doors blocked to House Democrats | K-12 Dive,,,,,,https://www.k12dive.com/news/Congressional-members-locked-out-at-Education-Department/739598/?utm_source=Sailthru&utm_medium=email&utm_campaign=Newsletter%20Weekly%20Roundup:%20K-12%20Dive:%20Daily%20Dive%2002-08-2025&utm_term=K-12%20Dive%20Weekender
2/6/2025,U.S. Department of Education launches investigations into institutions that support trans student athletes,Agency Action,Dept of Ed,"DEI, LGBTQ+, Title IX, Civil Rights, Postsecondary","Investigations into schools that allowed trans women to compete in women's sports. Includes San Jose State University, University of Pennsylvania, Massachusetts Interscholastic Atheletics Association.",Part of ongoing anti-trans agenda. ,,https://www.ed.gov/about/news/press-release/us-department-of-education-investigate-title-ix-violations-athletics,,,,,,"""U.S. Department of Education to Investigate Title IX Violations in Athletics""",,
2/6/2025,DOGE attempts to access federal student data,Agency Action,DOGE,Regulations,Tried to access federal student data without clearance,Clear FERPA violation,TRO granted in part; access blocked until March 10,,"American Federation of Teachers v. Bessent, 8:25-cv-00430 – CourtListener.com",,,,,,https://www.courtlistener.com/docket/69627648/american-federation-of-teachers-v-scott-bessent/,
2/5/2025,Executive Order targeting trans student athletes,Executive Order,POTUS,"Regulations, LGBTQ+, Title IX, Civil Rights, PK-12 School Funding, Postsecondary Funding",Halts federal funding for educational institutions that allow transgender women and girls to compete in women's and girls' sports. ,Further adheres to POTUS 2-gender policy. Leaves trans women athletes with no avenues for participation in sports. ,Amended complaint filed Feb. 12.,https://www.whitehouse.gov/presidential-actions/2025/02/keeping-men-out-of-womens-sports/,Students and Families Move to Challenge Trump Executive Order Banning Transgender Sports Participation - GLAD Law,,GLAD is trying to expand a NH state challenge to encompass this EO. ,,,"""Keeping Men out of Women's Sports""",https://www.glad.org/students-and-families-move-to-challenge-trump-executive-order-banning-transgender-sports-participation/,
2/4/2025,U.S. Department of Education removes all gender options on the FAFSA except male and female.,Agency Action,Dept of Ed,"DEI, LGBTQ+, Civil Rights, PK-12 Schools",Description in title. ,Part of administration's ongoing targeting of trans and non-binary individuals' identity. ,,https://www.ed.gov/about/news/press-release/us-department-of-education-announces-improvements-fafsar-form,,,,,,"""U.S. Department of Education Announces Improvements to the FAFSA Form""",,
2/3/2025,U.S. Department of Education investigates allegations of antisemitism at five universities,Agency Action,Dept of Ed,"DEI, Civil Rights, Postsecondary, Campus Climate",Claims there was widespread antisemitic harrassment on campuses during protests against Israel-Hamas war.,Implications for free speech and academic freedom in postsecondary institutions. ,,https://www.ed.gov/about/news/press-release/us-department-of-education-probes-cases-of-antisemitism-five-universities,,,,,,"""U.S. Department of Education Probes Cases of Antisemitism of Five Universities""",,
2/3/2025,Disbanding of Federal School Safety Clearinghouse External Advisory Board,Agency Action,Homeland Security,"PK-12 Schools, Regulations, Governance",No explanation given. Members are allowed to reapply for membership of the 26-member commission. Board was charged with advising on school safety issues. ,Ron Nazoe of NASSP was the chair.,,,,The Trump administration disbanded a federal school safety board. Now what? | K-12 Dive,,,,,,https://www.k12dive.com/news/dhs-disbanded--federal-school-safety-board/738946/?utm_source=Sailthru&utm_medium=email&utm_campaign=Issue:%202025-02-03%20K-12%20Dive%20%5Bissue:70064%5D&utm_term=K-12%20Dive
2/3/2025,"Trump admin puts all USAID staff on leave; reduction in force of 1,600 personnel",Agency Action,USAID,"Federal Workforce, International Education, Postsecondary Funding, PK-12 School Funding, Program Funding",Description in title. ,Cutting US funding for PK-20 programs around the world. ,,USAID.gov,https://www.courtlistener.com/docket/69768413/j-does-1-26-v-elon-musk/,,Also: pause in foreign assistance funding via USAID on 1/26/25,Implementing the President’s Executive Order on Reevaluating and Realigning United States Foreign Aid,,,https://www.courtlistener.com/docket/69768413/j-does-1-26-v-elon-musk/,
2/3/2025,Department of Education workers put on leave,Agency Action,Dept of Ed,"DEI, Federal Workforce, Civil Rights",50 ED workers who work on DEI initiatives were put on administrative leave. ,ED is purging DEI work. ,,none ,,,"multiple lawsuits from fed worker unions, but perhaps none specific to ED.",,,,,
1/31/2025,U.S. Department of Education changes charter school regulations and allocates grants for them,Agency Action,Dept of Ed,"School Choice, PK-12 School Funding, Regulations",Removed Biden admin requirements for charter certification. Allocated $33 million in grants to charter management organizations. ,,,https://www.ed.gov/about/news/press-release/us-department-of-education-advances-school-choice-supporting-charter-schools,,,,,,U.S. Department of Education Advances School Choice by Supporting Charter Schools,,
1/31/2025,"Department of Ed Office for Civil Rights reverts Title IX protections to 2020 rules, namely only covering biological women. ",Agency Action,Dept of Ed,"LGBTQ+, DEI, Regulations, Civil Rights",Description in title. ,"Trans and nonbinary people no longer have Title IX protections, impacting all postsecondary Title IX offices. ",,https://www.ed.gov/media/document/title-ix-enforcement-directive-dcl-109477.pdf,,,,,,Enforcement of Executive Order Defending Women,,
1/29/2025,Executive Order bans race-conscious admissions at military academies and educational institutions,Executive Order,POTUS,"DEI, Federal Workforce, Postsecondary",Department of Defense also bans race-conscious events and clubs at military academies and other institutions. ,Supreme Court has explicitly left race-conscious admissions intact for military academies. ,,https://www.whitehouse.gov/presidential-actions/2025/01/restoring-americas-fighting-force/,,,,,,Restoring America's Fighting Force,,
1/29/2025,"Office of Personnel Management removes gender data from federal websites, including the Youth Risk Behavior Survey",Agency Action,Office of Personnel Management,"LGBTQ+, DEI, Title IX, Civil Rights",Description in title. ,Targets the identities of trans and nonbinary people.,,https://www.opm.gov/media/yvlh1r3i/opm-memo-initial-guidance-regarding-trump-executive-order-defending-women-1-29-2025-final.pdf,,,,,,Initial Guidance Regarding President Trump's Executive Order Defending Women,,
1/29/2025,Executive Order directs agency heads to give guidance to states to expanding school choice,Executive Order,POTUS,"School Choice, PK-12 School Funding","Agencies include Department of Ed; Health and Human Services, Department of Defense, Department of Interior.",Includes private and faith-based schools. ,,https://www.whitehouse.gov/presidential-actions/2025/01/expanding-educational-freedom-and-opportunity-for-families/,,,,,,Expanding Educational Freedom and Opportunity for Families,,
1/29/2025,"Executive Order targeting schools that address diversity, equity, and inclusion.",Executive Order,POTUS,"DEI, Civil Rights, Regulations, Program Funding, PK-12 School Funding, Postsecondary Funding","Suspends funding for schools that address DEI and transgender issues; requires plan from Department of Ed to end ""indoctrination in K-12 education""; and reinstates the 1776 Commission.",Attempt to eliminate DEI and gender inclusion in educational institutions. 1776 commission promotes a conservative worldview that minimizes the truth about slavery. ,,https://www.whitehouse.gov/presidential-actions/2025/01/ending-radical-indoctrination-in-k-12-schooling/,,,,,,Ending Radical Endoctrination in K-12 Schooling,,
1/29/2025,Executive Order targeting student protests on college campuses,Executive Order,POTUS,"Civil Rights, DEI, Academic Freedom, Campus Climate","Directs Justice Department to investigate what it describes as antisemitism on campuses and encourages colleges to ""monitor for and report activities by alien students and staff.""",Targets college campuses after protests against Israel-Hamas war and combines focus with POTUS focus on immigration and immigrant students. ,,https://www.whitehouse.gov/presidential-actions/2025/01/additional-measures-to-combat-anti-semitism/,,,,,,Additional Measures to Combat Antisemitism,,
1/28/2025,U.S. Department of Education Launches Investigation into Denver Public Schools for Converting Girl's Restroom to All-Gender Facility,Agency Action,Dept of Ed,"DEI, LGBTQ+, Civil Rights, Regulations",Investigation over a gender-inclusive bathroom. Denver voted that all schools should have one in 2020.,Attacking specific districts that implement inclusive practices. ,,https://www.ed.gov/about/news/press-release/us-department-of-education-launches-investigation-denver-public-schools-converting-girls-restroom-all-gender-facility,,,,,,,,
1/28/2025,Freeze on all federal financial assistance programs and supporting activities,Agency Action,OMB,"Research Funding, Program Funding, DEI, LGBTQ+, Federal Workforce, PK-12 School Funding, Postsecondary Funding","Funding freeze on federal grants and loans across federal agencies. This includes HHS, which oversees Headstart. ",Rapid rollout with virtually no guidance or communication led to chaos and uncertainty about how federal employees were to carry out the directive. Some agencies couldn't access funds even after the injuction was ordered. ,"Blocked by court orders, and White House has walked back the memo. Still requiring reviews of programs under EOs.",Trump Orders Pause on Federal Financial Assistance | Lawfare,"NATIONAL COUNCIL OF NONPROFITS v. OFFICE OF MANAGEMENT AND BUDGET, 1:25-cv-00239 – CourtListener.com",Statement of AAU President Barbara Snyder on January 27 OMB Memo Pausing American Scientific Advancement,,,,,https://www.courtlistener.com/docket/69583571/national-council-of-nonprofits-v-office-of-management-and-budget/,https://www.aau.edu/newsroom/press-releases/statement-aau-president-barbara-snyder-january-27-omb-memo-pausing-american
1/28/2025,Executive Order targets transgender students and others,Executive Order,POTUS,"Healthcare, LGBTQ+, Civil Rights, Title IX","Halts federal funding for gender-affirming care for minors, including to hospitals and medical schools. Reverses Title IX protections for transgender people. ","Further adheres to POTUS 2-gender policy. Could have implications for school, including mental health and medical services. ",Injunctions issued by multiple judges. ,https://www.whitehouse.gov/presidential-actions/2025/01/protecting-children-from-chemical-and-surgical-mutilation/,,,,,,Protecting Children from Chemical and Surgical Mutilation,,
1/24/2025,End to Biden-Era book ban investigations,Agency Action,Dept of Ed,"Civil Rights, Curriculum",Ends ED OCR investigations into complaints of book bans. Biden admin said that book bans could infringe on civil rights. ,Schools and municipalities might have greater latitude in restricting books available to students and the public. ,,https://www.ed.gov/about/news/press-release/us-department-of-education-ends-bidens-book-ban-hoax,,Education Department rescinds Biden-era book ban guidance | K-12 Dive,,,,,,https://www.k12dive.com/news/school-book-bans-Education-Department-civil-rights/738310/?utm_source=Sailthru&utm_medium=email&utm_campaign=Issue:%202025-01-24%20Breaking%20News:%20K-12%20%5Bissue:69828%5D&utm_term=K-12%20Dive
1/23/2025,Dept of Ed appointments and nominations,Nomination/Appointment,POTUS,Federal Workforce,"Rachel Oglesby, Jonathan Pidluzny, Chase Forrester, Steve Warzoha, Tom Wheeler, Craig Trainor, Madi Bierdermann, Candice Jackson, Joshua Kleinfeld, Hannah Ruth Earl",Strong presence of alums from America First Policy Institute,,https://www.ed.gov/about/news/press-release/us-department-of-education-announces-incoming-trump-vance-senior-appointees?utm_source=Iterable&utm_medium=email&utm_campaign=campaign_12400290_nl_Daily-Briefing_date_20250124,,,,,,,,
1/21/2025,"ICE entry into schools, colleges, houses of worship (can't find formal title; directive from Acting Secretary)",Agency Action,Homeland Security,"Immigration, Civil Rights","ICE and other immigration agents can enter houses of worship, schools, and colleges to apprehend people.","Major change to longstanding practice of foregoing entering sensitive/protected areas like schools, churches, shelters. ",Prelim injunction granted,https://www.dhs.gov/news/2025/01/21/statement-dhs-spokesperson-directives-expanding-law-enforcement-and-ending-abuse,"Denver Public Schools v. Noem, 1:25-cv-00474 – CourtListener.com",,See more cases at right.,"MENNONITE CHURCH USA v. U.S. DEPARTMENT OF HOMELAND SECURITY, 1:25-cv-00403 – CourtListener.com","Philadelphia Yearly Meeting of the Religious Society of Friends v. U.S. Department of Homeland..., 8:25-cv-00243 – CourtListener.com",,https://www.courtlistener.com/docket/69635800/denver-public-schools-v-noem/,
1/21/2025,Executive Order targets DEI efforts in state and local agencies and institutions of higher education ,Executive Order,POTUS,"DEI, Federal Workforce, PK-12 Schools, Postsecondary, Civil Rights",Directs Secretary of Education to issue guidance to state and local agencies and institutions of higher educaton about compliance practices and measures.,Lays out adminstration rationale for DEI ban as a violation of civil rights law. ,,https://www.whitehouse.gov/presidential-actions/2025/01/ending-illegal-discrimination-and-restoring-merit-based-opportunity/,https://democracyforward.org/wp-content/uploads/2025/02/NADOHE-et-al-Anti-DEIA-EO-Challenge.pdf,,Legal challenge brought by National Association of Diversity Officers in Higher Education,,,Ending Illegal Discrimination and Restoring Merit-based Opportunity,https://democracyforward.org/wp-content/uploads/2025/02/NADOHE-et-al-Anti-DEIA-EO-Challenge.pdf,
1/20/2025,Executive Order terminates DEI efforts in the federal government,Executive Order,POTUS,"DEI, Federal Workforce, Civil Rights, Postsecondary, PK-12 Schools","Terminates DEI efforts in federal government, including positions. Also covers federal contracts and grants. ",Major uncertainty for compliace by PK-20 institutions under contract. ,Feb. 21: federal judge temporarily blocked Trump from terminating contracts that the admin considers equity-oriented. ,https://www.whitehouse.gov/presidential-actions/2025/01/ending-radical-and-wasteful-government-dei-programs-and-preferencing/,https://democracyforward.org/wp-content/uploads/2025/02/NADOHE-et-al-Anti-DEIA-EO-Challenge.pdf,,This is the same legal challenge as the EO above. ,,,Ending Radical and Wasteful Government DEI Programs and Preferencing,https://democracyforward.org/wp-content/uploads/2025/02/NADOHE-et-al-Anti-DEIA-EO-Challenge.pdf,
1/20/2025,Return to In-Person Work,Agency Action,POTUS,Federal Workforce,"Requires all federal employees, including Department of Ed, to return to in-person work. Deadline Feb 24 for most and June 1 for some.",,ED announced 70% back on Feb 24,https://www.whitehouse.gov/presidential-actions/2025/01/return-to-in-person-work/,,,,,,,,
1/18/2025,Nomination of Penny Schwinn for Deputy Secretary of Education,Nomination/Appointment,POTUS,"Federal Workforce, Department of Education",Description in title. ,,,,,CCSSO Releases Statement on Nomination of Deputy Secretary of Education,,,,,,https://ccsso.org/press-releases/ccsso-releases-statement-nomination-deputy-secretary-education
11/19/2024,Nomination of Linda McMahon for Sec of Education,Nomination/Appointment,POTUS,Department of Education,Description in title. ,"Further evidence of Trump commitment to dismantle ED, put forward far-right education agenda.",,Statement by President-elect Donald J. Trump Announcing the Nomination of Linda McMahon as Secretary of Education,,,,,,,,
